id;macrorregiao;grupo;mantenedor;cultivar;;;;;;;;;;;;;;;;;;;;;;;;;;;;;
1;1;GRUPO I;AVANTI SEEDS;AV AGILY RR;;;;;;;;;;;;;;;;;;;;;;;;;;;;;
2;1;GRUPO I;AVANTI SEEDS;AV GURIA RR;;;;;;;;;;;;;;;;;;;;;;;;;;;;;
3;1;GRUPO II;AVANTI SEEDS;SW BRIZA RR;;;;;;;;;;;;;;;;;;;;;;;;;;;;;
4;1;GRUPO I;BAYER S/A;AMS TIBAGI RR;;;;;;;;;;;;;;;;;;;;;;;;;;;;;
5;1;GRUPO I;BAYER S/A;BS 1511 IPRO;;;;;;;;;;;;;;;;;;;;;;;;;;;;;
6;1;GRUPO I;BAYER S/A;BS 1519 LL;;;;;;;;;;;;;;;;;;;;;;;;;;;;;
7;1;GRUPO I;BAYER S/A;BS 1543 IPRO;;;;;;;;;;;;;;;;;;;;;;;;;;;;;
8;1;GRUPO I;BAYER S/A;BS 1580 IPRO;;;;;;;;;;;;;;;;;;;;;;;;;;;;;
9;1;GRUPO II;BAYER S/A;BS 1691 IPRO;;;;;;;;;;;;;;;;;;;;;;;;;;;;;
10;1;GRUPO I;BAYER S/A;BS 2590 IPRO;;;;;;;;;;;;;;;;;;;;;;;;;;;;;
11;1;GRUPO II;BAYER S/A;BS 2640 RR;;;;;;;;;;;;;;;;;;;;;;;;;;;;;
12;2;GRUPO I;BAYER S/A;BS IRGA1642 IPRO;;;;;;;;;;;;;;;;;;;;;;;;;;;;;
13;1;GRUPO I;BAYER S/A;CZ 15B64 IPRO;;;;;;;;;;;;;;;;;;;;;;;;;;;;;
14;1;GRUPO I;BAYER S/A;CZ 15B92 IPRO;;;;;;;;;;;;;;;;;;;;;;;;;;;;;
15;1;GRUPO I;BAYER S/A;CZ 16B39 LL;;;;;;;;;;;;;;;;;;;;;;;;;;;;;
16;2;GRUPO I;BAYER S/A;CZ 26B05 IPRO;;;;;;;;;;;;;;;;;;;;;;;;;;;;;
17;1;GRUPO II;BAYER S/A;CZ 26B42 IPRO;;;;;;;;;;;;;;;;;;;;;;;;;;;;;
18;1;GRUPO I;BAYER S/A;FPS IGUAÇU RR;;;;;;;;;;;;;;;;;;;;;;;;;;;;;
19;1;GRUPO I;BAYER S/A;FPS PARANAPANEMA RR;;;;;;;;;;;;;;;;;;;;;;;;;;;;;
20;1;GRUPO I;BAYER S/A;FPS SOLIMÕES RR;;;;;;;;;;;;;;;;;;;;;;;;;;;;;
21;1;GRUPO I;BAYER S/A;FUNDACEP 66 RR;;;;;;;;;;;;;;;;;;;;;;;;;;;;;
22;1;GRUPO II;BAYER S/A;RA626;;;;;;;;;;;;;;;;;;;;;;;;;;;;;
23;1;GRUPO I;BAYER S/A;TEC 5936 IPRO;;;;;;;;;;;;;;;;;;;;;;;;;;;;;
24;1;GRUPO I;BAYER S/A;TEC 6029 IPRO;;;;;;;;;;;;;;;;;;;;;;;;;;;;;
25;1;GRUPO II;BAYER S/A;TEC 6702 IPRO;;;;;;;;;;;;;;;;;;;;;;;;;;;;;
26;1;GRUPO II;BAYER S/A;TEC 7022 IPRO;;;;;;;;;;;;;;;;;;;;;;;;;;;;;
27;1;GRUPO III;BAYER S/A;TEC 7849 IPRO;;;;;;;;;;;;;;;;;;;;;;;;;;;;;
28;1;GRUPO I;BAYER S/A;TECIRGA 6070 RR;;;;;;;;;;;;;;;;;;;;;;;;;;;;;
29;1;GRUPO I;CEI - CENTRO EDUCACIONAL INTEGRADO;INT 3459;;;;;;;;;;;;;;;;;;;;;;;;;;;;;
30;1;GRUPO I;CEI - CENTRO EDUCACIONAL INTEGRADO;INT 5801;;;;;;;;;;;;;;;;;;;;;;;;;;;;;
31;1;GRUPO I;CEI - CENTRO EDUCACIONAL INTEGRADO;INT 5900;;;;;;;;;;;;;;;;;;;;;;;;;;;;;
32;1;GRUPO I;CEI - CENTRO EDUCACIONAL INTEGRADO;INT 6000;;;;;;;;;;;;;;;;;;;;;;;;;;;;;
33;1;GRUPO I;CEI - CENTRO EDUCACIONAL INTEGRADO;INT 6100;;;;;;;;;;;;;;;;;;;;;;;;;;;;;
34;1;GRUPO I;CEI - CENTRO EDUCACIONAL INTEGRADO;INT 6201;;;;;;;;;;;;;;;;;;;;;;;;;;;;;
35;1;GRUPO I;CEI - CENTRO EDUCACIONAL INTEGRADO;INT 6300;;;;;;;;;;;;;;;;;;;;;;;;;;;;;
36;1;GRUPO II;CEI - CENTRO EDUCACIONAL INTEGRADO;INT 6603;;;;;;;;;;;;;;;;;;;;;;;;;;;;;
37;1;GRUPO II;CEI - CENTRO EDUCACIONAL INTEGRADO;INT 7100 IPRO;;;;;;;;;;;;;;;;;;;;;;;;;;;;;
38;1;GRUPO II;COODETEC DESENVOLVIMENTO, PRODUCAO E COMERCIALIZACAO AGRICOLA LTDA;5D645 RR;;;;;;;;;;;;;;;;;;;;;;;;;;;;;
39;1;GRUPO II;COODETEC DESENVOLVIMENTO, PRODUCAO E COMERCIALIZACAO AGRICOLA LTDA;96R70 IPRO;;;;;;;;;;;;;;;;;;;;;;;;;;;;;
40;1;GRUPO II;COODETEC DESENVOLVIMENTO, PRODUCAO E COMERCIALIZACAO AGRICOLA LTDA;CD 202 IPRO;;;;;;;;;;;;;;;;;;;;;;;;;;;;;
41;1;GRUPO II;COODETEC DESENVOLVIMENTO, PRODUCAO E COMERCIALIZACAO AGRICOLA LTDA;CD 206 RR;;;;;;;;;;;;;;;;;;;;;;;;;;;;;
42;2;GRUPO II;COODETEC DESENVOLVIMENTO, PRODUCAO E COMERCIALIZACAO AGRICOLA LTDA;CD 208;;;;;;;;;;;;;;;;;;;;;;;;;;;;;
43;1;GRUPO II;COODETEC DESENVOLVIMENTO, PRODUCAO E COMERCIALIZACAO AGRICOLA LTDA;CD 217;;;;;;;;;;;;;;;;;;;;;;;;;;;;;
44;1;GRUPO III;COODETEC DESENVOLVIMENTO, PRODUCAO E COMERCIALIZACAO AGRICOLA LTDA;CD 237 RR;;;;;;;;;;;;;;;;;;;;;;;;;;;;;
45;2;GRUPO III;COODETEC DESENVOLVIMENTO, PRODUCAO E COMERCIALIZACAO AGRICOLA LTDA;CD 237RR;;;;;;;;;;;;;;;;;;;;;;;;;;;;;
46;1;GRUPO I;COODETEC DESENVOLVIMENTO, PRODUCAO E COMERCIALIZACAO AGRICOLA LTDA;CD 2585 RR;;;;;;;;;;;;;;;;;;;;;;;;;;;;;
47;1;GRUPO I;COODETEC DESENVOLVIMENTO, PRODUCAO E COMERCIALIZACAO AGRICOLA LTDA;CD 2590 IPRO;;;;;;;;;;;;;;;;;;;;;;;;;;;;;
48;1;GRUPO I;COODETEC DESENVOLVIMENTO, PRODUCAO E COMERCIALIZACAO AGRICOLA LTDA;CD 2591 IPRO;;;;;;;;;;;;;;;;;;;;;;;;;;;;;
49;1;GRUPO I;COODETEC DESENVOLVIMENTO, PRODUCAO E COMERCIALIZACAO AGRICOLA LTDA;CD 2609 RR;;;;;;;;;;;;;;;;;;;;;;;;;;;;;
50;1;GRUPO I;COODETEC DESENVOLVIMENTO, PRODUCAO E COMERCIALIZACAO AGRICOLA LTDA;CD 2611 IPRO;;;;;;;;;;;;;;;;;;;;;;;;;;;;;
51;1;GRUPO I;COODETEC DESENVOLVIMENTO, PRODUCAO E COMERCIALIZACAO AGRICOLA LTDA;CD 2620 IPRO;;;;;;;;;;;;;;;;;;;;;;;;;;;;;
52;1;GRUPO I;COODETEC DESENVOLVIMENTO, PRODUCAO E COMERCIALIZACAO AGRICOLA LTDA;CD 2630 RR;;;;;;;;;;;;;;;;;;;;;;;;;;;;;
53;1;GRUPO I;COODETEC DESENVOLVIMENTO, PRODUCAO E COMERCIALIZACAO AGRICOLA LTDA;CD 2631 AP;;;;;;;;;;;;;;;;;;;;;;;;;;;;;
54;1;GRUPO II;COODETEC DESENVOLVIMENTO, PRODUCAO E COMERCIALIZACAO AGRICOLA LTDA;CD 2644 IPRO;;;;;;;;;;;;;;;;;;;;;;;;;;;;;
55;1;GRUPO II;COODETEC DESENVOLVIMENTO, PRODUCAO E COMERCIALIZACAO AGRICOLA LTDA;CD 2686 IPRO;;;;;;;;;;;;;;;;;;;;;;;;;;;;;
56;2;GRUPO II;COODETEC DESENVOLVIMENTO, PRODUCAO E COMERCIALIZACAO AGRICOLA LTDA;CD 2687 RR;;;;;;;;;;;;;;;;;;;;;;;;;;;;;
57;1;GRUPO II;COODETEC DESENVOLVIMENTO, PRODUCAO E COMERCIALIZACAO AGRICOLA LTDA;CD 2694 IPRO;;;;;;;;;;;;;;;;;;;;;;;;;;;;;
58;2;GRUPO II;COODETEC DESENVOLVIMENTO, PRODUCAO E COMERCIALIZACAO AGRICOLA LTDA;CD 2700 IPRO;;;;;;;;;;;;;;;;;;;;;;;;;;;;;
59;1;GRUPO II;COODETEC DESENVOLVIMENTO, PRODUCAO E COMERCIALIZACAO AGRICOLA LTDA;CD 2720 IPRO;;;;;;;;;;;;;;;;;;;;;;;;;;;;;
60;1;GRUPO II;COODETEC DESENVOLVIMENTO, PRODUCAO E COMERCIALIZACAO AGRICOLA LTDA;CD 2730 IPRO;;;;;;;;;;;;;;;;;;;;;;;;;;;;;
61;1;GRUPO II;COODETEC DESENVOLVIMENTO, PRODUCAO E COMERCIALIZACAO AGRICOLA LTDA;CD 2737 RR;;;;;;;;;;;;;;;;;;;;;;;;;;;;;
62;2;GRUPO II;COODETEC DESENVOLVIMENTO, PRODUCAO E COMERCIALIZACAO AGRICOLA LTDA;CD 2747 RR;;;;;;;;;;;;;;;;;;;;;;;;;;;;;
63;1;GRUPO I;COODETEC DESENVOLVIMENTO, PRODUCAO E COMERCIALIZACAO AGRICOLA LTDA;DS 5916 IPRO;;;;;;;;;;;;;;;;;;;;;;;;;;;;;
64;1;GRUPO I;DU PONT DO BRASIL S.A.;95R51;;;;;;;;;;;;;;;;;;;;;;;;;;;;;
65;1;GRUPO I;DU PONT DO BRASIL S.A.;95Y21;;;;;;;;;;;;;;;;;;;;;;;;;;;;;
66;1;GRUPO I;DU PONT DO BRASIL S.A.;95Y52;;;;;;;;;;;;;;;;;;;;;;;;;;;;;
67;1;GRUPO I;DU PONT DO BRASIL S.A.;95Y72;;;;;;;;;;;;;;;;;;;;;;;;;;;;;
68;1;GRUPO II;DU PONT DO BRASIL S.A.;96Y90;;;;;;;;;;;;;;;;;;;;;;;;;;;;;
69;1;GRUPO II;DU PONT DO BRASIL S.A.;97R21;;;;;;;;;;;;;;;;;;;;;;;;;;;;;
70;1;GRUPO II;DU PONT DO BRASIL S.A.;97Y07;;;;;;;;;;;;;;;;;;;;;;;;;;;;;
71;1;GRUPO III;DU PONT DO BRASIL S.A.;98Y30;;;;;;;;;;;;;;;;;;;;;;;;;;;;;
72;1;GRUPO I;DU PONT DO BRASIL S.A.;BG 4657;;;;;;;;;;;;;;;;;;;;;;;;;;;;;
73;1;GRUPO III;DU PONT DO BRASIL S.A.;P98Y11;;;;;;;;;;;;;;;;;;;;;;;;;;;;;
74;1;GRUPO III;DU PONT DO BRASIL S.A.;P98Y51;;;;;;;;;;;;;;;;;;;;;;;;;;;;;
75;1;GRUPO III;DU PONT DO BRASIL S.A.;P98Y70;;;;;;;;;;;;;;;;;;;;;;;;;;;;;
76;1;GRUPO I;EMBRAPA SOJA;BRS 1001 IPRO;;;;;;;;;;;;;;;;;;;;;;;;;;;;;
77;2;GRUPO I;EMBRAPA SOJA;BRS 1002 IPRO;;;;;;;;;;;;;;;;;;;;;;;;;;;;;
78;1;GRUPO II;EMBRAPA SOJA;BRS 1003 IPRO;;;;;;;;;;;;;;;;;;;;;;;;;;;;;
79;2;GRUPO I;EMBRAPA SOJA;BRS 1004 IPRO;;;;;;;;;;;;;;;;;;;;;;;;;;;;;
80;2;GRUPO I;EMBRAPA SOJA;BRS 1005 IPRO;;;;;;;;;;;;;;;;;;;;;;;;;;;;;
81;1;GRUPO II;EMBRAPA SOJA;BRS 1006 IPRO;;;;;;;;;;;;;;;;;;;;;;;;;;;;;
82;1;GRUPO I;EMBRAPA SOJA;BRS 1007 IPRO;;;;;;;;;;;;;;;;;;;;;;;;;;;;;
83;1;GRUPO I;EMBRAPA SOJA;BRS 1010 IPRO;;;;;;;;;;;;;;;;;;;;;;;;;;;;;
84;2;GRUPO II;EMBRAPA SOJA;BRS 1074 IPRO;;;;;;;;;;;;;;;;;;;;;;;;;;;;;
85;1;GRUPO II;EMBRAPA SOJA;BRS 133;;;;;;;;;;;;;;;;;;;;;;;;;;;;;
86;1;GRUPO II;EMBRAPA SOJA;BRS 184;;;;;;;;;;;;;;;;;;;;;;;;;;;;;
87;1;GRUPO II;EMBRAPA SOJA;BRS 185;;;;;;;;;;;;;;;;;;;;;;;;;;;;;
88;1;GRUPO II;EMBRAPA SOJA;BRS 216;;;;;;;;;;;;;;;;;;;;;;;;;;;;;
89;1;GRUPO II;EMBRAPA SOJA;BRS 232;;;;;;;;;;;;;;;;;;;;;;;;;;;;;
90;1;GRUPO III;EMBRAPA SOJA;BRS 245 RR;;;;;;;;;;;;;;;;;;;;;;;;;;;;;
91;1;GRUPO III;EMBRAPA SOJA;BRS 256 RR;;;;;;;;;;;;;;;;;;;;;;;;;;;;;
92;1;GRUPO II;EMBRAPA SOJA;BRS 257;;;;;;;;;;;;;;;;;;;;;;;;;;;;;
93;1;GRUPO II;EMBRAPA SOJA;BRS 262;;;;;;;;;;;;;;;;;;;;;;;;;;;;;
94;1;GRUPO III;EMBRAPA SOJA;BRS 267;;;;;;;;;;;;;;;;;;;;;;;;;;;;;
95;1;GRUPO II;EMBRAPA SOJA;BRS 282;;;;;;;;;;;;;;;;;;;;;;;;;;;;;
96;1;GRUPO II;EMBRAPA SOJA;BRS 283;;;;;;;;;;;;;;;;;;;;;;;;;;;;;
97;1;GRUPO I;EMBRAPA SOJA;BRS 284;;;;;;;;;;;;;;;;;;;;;;;;;;;;;
98;1;GRUPO II;EMBRAPA SOJA;BRS 295 RR;;;;;;;;;;;;;;;;;;;;;;;;;;;;;
99;1;GRUPO II;EMBRAPA SOJA;BRS 316 RR;;;;;;;;;;;;;;;;;;;;;;;;;;;;;
100;1;GRUPO II;EMBRAPA SOJA;BRS 317;;;;;;;;;;;;;;;;;;;;;;;;;;;;;
101;1;GRUPO I;EMBRAPA SOJA;BRS 359 RR;;;;;;;;;;;;;;;;;;;;;;;;;;;;;
102;1;GRUPO I;EMBRAPA SOJA;BRS 360 RR;;;;;;;;;;;;;;;;;;;;;;;;;;;;;
103;1;GRUPO I;EMBRAPA SOJA;BRS 378 RR;;;;;;;;;;;;;;;;;;;;;;;;;;;;;
104;2;GRUPO I;EMBRAPA SOJA;BRS 388 RR;;;;;;;;;;;;;;;;;;;;;;;;;;;;;
105;2;GRUPO I;EMBRAPA SOJA;BRS 391;;;;;;;;;;;;;;;;;;;;;;;;;;;;;
106;2;GRUPO I;EMBRAPA SOJA;BRS 397 CV;;;;;;;;;;;;;;;;;;;;;;;;;;;;;
107;1;GRUPO I;EMBRAPA SOJA;BRS 399 RR;;;;;;;;;;;;;;;;;;;;;;;;;;;;;
108;1;GRUPO I;EMBRAPA SOJA;BRS 413 RR;;;;;;;;;;;;;;;;;;;;;;;;;;;;;
109;2;GRUPO I;EMBRAPA SOJA;BRS 414 CV;;;;;;;;;;;;;;;;;;;;;;;;;;;;;
110;1;GRUPO I;EMBRAPA SOJA;BRS 433 RR;;;;;;;;;;;;;;;;;;;;;;;;;;;;;
111;1;GRUPO II;EMBRAPA SOJA;BRS 511;;;;;;;;;;;;;;;;;;;;;;;;;;;;;
112;1;GRUPO I;EMBRAPA SOJA;BRS 5601 RR;;;;;;;;;;;;;;;;;;;;;;;;;;;;;
113;1;GRUPO I;EMBRAPA SOJA;BRS 5804 RR;;;;;;;;;;;;;;;;;;;;;;;;;;;;;
114;1;GRUPO I;EMBRAPA SOJA;BRS 6203 RR;;;;;;;;;;;;;;;;;;;;;;;;;;;;;
115;1;GRUPO I;EMBRAPA SOJA;BRS ESTÂNCIA RR;;;;;;;;;;;;;;;;;;;;;;;;;;;;;
116;1;GRUPO II;EMBRAPA SOJA;EMBRAPA 48;;;;;;;;;;;;;;;;;;;;;;;;;;;;;
117;1;GRUPO I;EXPO GRAIN COMÉRCIO DE SEMENTES EIRELI;BA 5770 XI;;;;;;;;;;;;;;;;;;;;;;;;;;;;;
118;1;GRUPO I;EXPO GRAIN COMÉRCIO DE SEMENTES EIRELI;BA 6011 XI;;;;;;;;;;;;;;;;;;;;;;;;;;;;;
119;1;GRUPO I;EXPO GRAIN COMÉRCIO DE SEMENTES EIRELI;BA 6230 XI;;;;;;;;;;;;;;;;;;;;;;;;;;;;;
120;1;GRUPO I;EXPO GRAIN COMÉRCIO DE SEMENTES EIRELI;BA 6380 XI;;;;;;;;;;;;;;;;;;;;;;;;;;;;;
121;1;GRUPO II;EXPO GRAIN COMÉRCIO DE SEMENTES EIRELI;BA 6525 XI;;;;;;;;;;;;;;;;;;;;;;;;;;;;;
122;1;GRUPO II;FEPAGRO;FEPAGRO 36 RR;;;;;;;;;;;;;;;;;;;;;;;;;;;;;
123;1;GRUPO I;FEPAGRO;FEPAGRO 37 RR;;;;;;;;;;;;;;;;;;;;;;;;;;;;;
124;1;GRUPO I;FTS SEMENTES S/A;FTR 1154 RR;;;;;;;;;;;;;;;;;;;;;;;;;;;;;
125;1;GRUPO I;FTS SEMENTES S/A;FTR 1157 RR;;;;;;;;;;;;;;;;;;;;;;;;;;;;;
126;1;GRUPO I;FTS SEMENTES S/A;FTR 2155 RR;;;;;;;;;;;;;;;;;;;;;;;;;;;;;
127;1;GRUPO I;FTS SEMENTES S/A;FTR 2161 RR;;;;;;;;;;;;;;;;;;;;;;;;;;;;;
128;1;GRUPO I;FTS SEMENTES S/A;FTR 2557 RR;;;;;;;;;;;;;;;;;;;;;;;;;;;;;
129;1;GRUPO I;FTS SEMENTES S/A;FTR 3156 IPRO;;;;;;;;;;;;;;;;;;;;;;;;;;;;;
130;1;GRUPO I;FTS SEMENTES S/A;FTR 4153 IPRO;;;;;;;;;;;;;;;;;;;;;;;;;;;;;
131;1;GRUPO I;FTS SEMENTES S/A;FTR 4160 IPRO;;;;;;;;;;;;;;;;;;;;;;;;;;;;;
132;1;GRUPO II;FTS SEMENTES S/A;FTS ARAPOTY RR;;;;;;;;;;;;;;;;;;;;;;;;;;;;;
133;1;GRUPO II;FTS SEMENTES S/A;FTS CAMPO MOURÃO RR;;;;;;;;;;;;;;;;;;;;;;;;;;;;;
134;1;GRUPO II;FTS SEMENTES S/A;FTS FENIX;;;;;;;;;;;;;;;;;;;;;;;;;;;;;
135;1;GRUPO I;FTS SEMENTES S/A;FTS IBYARA RR;;;;;;;;;;;;;;;;;;;;;;;;;;;;;
136;1;GRUPO II;FTS SEMENTES S/A;FTS IPÊ RR;;;;;;;;;;;;;;;;;;;;;;;;;;;;;
137;1;GRUPO III;FTS SEMENTES S/A;FTS REALEZA RR;;;;;;;;;;;;;;;;;;;;;;;;;;;;;
138;1;GRUPO I;FTS SEMENTES S/A;FTS SEMENTES S/A;;;;;;;;;;;;;;;;;;;;;;;;;;;;;
139;1;GRUPO II;FTS SEMENTES S/A;FTS TAPES RR;;;;;;;;;;;;;;;;;;;;;;;;;;;;;
140;1;GRUPO I;GAÚCHA MELHORAMENTO;GMX APORREADA RR;;;;;;;;;;;;;;;;;;;;;;;;;;;;;
141;1;GRUPO I;GAÚCHA MELHORAMENTO;GMX CANCHEIRO RR;;;;;;;;;;;;;;;;;;;;;;;;;;;;;
142;1;GRUPO I;GAÚCHA MELHORAMENTO;GMX GUAPO RR;;;;;;;;;;;;;;;;;;;;;;;;;;;;;
143;1;GRUPO I;GAÚCHA MELHORAMENTO;GMX GURI RR;;;;;;;;;;;;;;;;;;;;;;;;;;;;;
144;1;GRUPO II;GAÚCHA MELHORAMENTO;GMX REDOMÃO RR;;;;;;;;;;;;;;;;;;;;;;;;;;;;;
145;1;GRUPO II;GAÚCHA MELHORAMENTO;GMX REDOMONA RR;;;;;;;;;;;;;;;;;;;;;;;;;;;;;
146;1;GRUPO II;GAÚCHA MELHORAMENTO;GMX XIRÚ RR;;;;;;;;;;;;;;;;;;;;;;;;;;;;;
147;2;GRUPO I;GDM GENETICA DO BRASIL;50I52 RSF IPRO;;;;;;;;;;;;;;;;;;;;;;;;;;;;;
148;2;GRUPO I;GDM GENETICA DO BRASIL;53I54 RSF IPRO;;;;;;;;;;;;;;;;;;;;;;;;;;;;;
149;2;GRUPO I;GDM GENETICA DO BRASIL;54I52 RSF IPRO;;;;;;;;;;;;;;;;;;;;;;;;;;;;;
150;2;GRUPO I;GDM GENETICA DO BRASIL;55I57 RSF IPRO;;;;;;;;;;;;;;;;;;;;;;;;;;;;;
151;2;GRUPO I;GDM GENETICA DO BRASIL;57HO123 TP IPRO;;;;;;;;;;;;;;;;;;;;;;;;;;;;;
152;2;GRUPO I;GDM GENETICA DO BRASIL;57I52 RSF IPRO;;;;;;;;;;;;;;;;;;;;;;;;;;;;;
153;2;GRUPO I;GDM GENETICA DO BRASIL;5855 RSF IPRO;;;;;;;;;;;;;;;;;;;;;;;;;;;;;
154;2;GRUPO I;GDM GENETICA DO BRASIL;58HO110 MM IPRO;;;;;;;;;;;;;;;;;;;;;;;;;;;;;
155;2;GRUPO I;GDM GENETICA DO BRASIL;58I60 RSF IPRO;;;;;;;;;;;;;;;;;;;;;;;;;;;;;
156;2;GRUPO I;GDM GENETICA DO BRASIL;5953 RSF;;;;;;;;;;;;;;;;;;;;;;;;;;;;;
157;2;GRUPO I;GDM GENETICA DO BRASIL;5958 RSF IPRO;;;;;;;;;;;;;;;;;;;;;;;;;;;;;
158;2;GRUPO I;GDM GENETICA DO BRASIL;59HO124 PR IPRO;;;;;;;;;;;;;;;;;;;;;;;;;;;;;
159;2;GRUPO I;GDM GENETICA DO BRASIL;59I60 RSF IPRO;;;;;;;;;;;;;;;;;;;;;;;;;;;;;
160;2;GRUPO I;GDM GENETICA DO BRASIL;6160 RSF IPRO;;;;;;;;;;;;;;;;;;;;;;;;;;;;;
161;2;GRUPO I;GDM GENETICA DO BRASIL;61HO125 IPRO;;;;;;;;;;;;;;;;;;;;;;;;;;;;;
162;2;GRUPO I;GDM GENETICA DO BRASIL;61I59 RSF IPRO;;;;;;;;;;;;;;;;;;;;;;;;;;;;;
163;2;GRUPO I;GDM GENETICA DO BRASIL;6260 RSF IPRO;;;;;;;;;;;;;;;;;;;;;;;;;;;;;
164;2;GRUPO I;GDM GENETICA DO BRASIL;6266 RSF IPRO;;;;;;;;;;;;;;;;;;;;;;;;;;;;;
165;2;GRUPO I;GDM GENETICA DO BRASIL;62MS00 RR;;;;;;;;;;;;;;;;;;;;;;;;;;;;;
166;2;GRUPO I;GDM GENETICA DO BRASIL;63I64 RSF IPRO;;;;;;;;;;;;;;;;;;;;;;;;;;;;;
167;2;GRUPO I;GDM GENETICA DO BRASIL;6458 RSF IPRO;;;;;;;;;;;;;;;;;;;;;;;;;;;;;
168;1;GRUPO II;GDM GENETICA DO BRASIL;64HO114 IPRO;;;;;;;;;;;;;;;;;;;;;;;;;;;;;
169;2;GRUPO I;GDM GENETICA DO BRASIL;64HO133 IPRO;;;;;;;;;;;;;;;;;;;;;;;;;;;;;
170;1;GRUPO II;GDM GENETICA DO BRASIL;64I61 RSF IPRO;;;;;;;;;;;;;;;;;;;;;;;;;;;;;
171;1;GRUPO II;GDM GENETICA DO BRASIL;64MS00 IPRO;;;;;;;;;;;;;;;;;;;;;;;;;;;;;
172;2;GRUPO I;GDM GENETICA DO BRASIL;6563 RSF IPRO;;;;;;;;;;;;;;;;;;;;;;;;;;;;;
173;1;GRUPO II;GDM GENETICA DO BRASIL;65I65 RSF IPRO;;;;;;;;;;;;;;;;;;;;;;;;;;;;;
174;2;GRUPO I;GDM GENETICA DO BRASIL;6663 RSF;;;;;;;;;;;;;;;;;;;;;;;;;;;;;
175;1;GRUPO II;GDM GENETICA DO BRASIL;66HO116 IPRO;;;;;;;;;;;;;;;;;;;;;;;;;;;;;
176;1;GRUPO II;GDM GENETICA DO BRASIL;66I68 RSF IPRO;;;;;;;;;;;;;;;;;;;;;;;;;;;;;
177;2;GRUPO I;GDM GENETICA DO BRASIL;6863 RSF;;;;;;;;;;;;;;;;;;;;;;;;;;;;;
178;1;GRUPO II;GDM GENETICA DO BRASIL;68I70 RSF IPRO;;;;;;;;;;;;;;;;;;;;;;;;;;;;;
179;1;GRUPO II;GDM GENETICA DO BRASIL;6968 RSF;;;;;;;;;;;;;;;;;;;;;;;;;;;;;
180;1;GRUPO II;GDM GENETICA DO BRASIL;7166 RSF IPRO;;;;;;;;;;;;;;;;;;;;;;;;;;;;;
181;2;GRUPO II;GDM GENETICA DO BRASIL;7869 RSF;;;;;;;;;;;;;;;;;;;;;;;;;;;;;
182;2;GRUPO I;GDM GENETICA DO BRASIL;95R90 IPRO;;;;;;;;;;;;;;;;;;;;;;;;;;;;;
183;1;GRUPO II;GDM GENETICA DO BRASIL;ADV 4317 IPRO;;;;;;;;;;;;;;;;;;;;;;;;;;;;;
184;2;GRUPO I;GDM GENETICA DO BRASIL;AFS 110 RR;;;;;;;;;;;;;;;;;;;;;;;;;;;;;
185;1;GRUPO II;GDM GENETICA DO BRASIL;BALU 3711;;;;;;;;;;;;;;;;;;;;;;;;;;;;;
186;2;GRUPO I;GDM GENETICA DO BRASIL;BMX FORÇA RR;;;;;;;;;;;;;;;;;;;;;;;;;;;;;
187;1;GRUPO II;GDM GENETICA DO BRASIL;BMX POTÊNCIA RR;;;;;;;;;;;;;;;;;;;;;;;;;;;;;
188;2;GRUPO I;GDM GENETICA DO BRASIL;BMX TITAN RR;;;;;;;;;;;;;;;;;;;;;;;;;;;;;
189;2;GRUPO I;GDM GENETICA DO BRASIL;BMX TURBO RR;;;;;;;;;;;;;;;;;;;;;;;;;;;;;
190;2;GRUPO I;GDM GENETICA DO BRASIL;DMARIO 58I;;;;;;;;;;;;;;;;;;;;;;;;;;;;;
191;2;GRUPO I;GDM GENETICA DO BRASIL;DMARIO 70I;;;;;;;;;;;;;;;;;;;;;;;;;;;;;
192;2;GRUPO I;GDM GENETICA DO BRASIL;DON MARIO 5.9I;;;;;;;;;;;;;;;;;;;;;;;;;;;;;
193;2;GRUPO I;GDM GENETICA DO BRASIL;DS 6217 IPRO;;;;;;;;;;;;;;;;;;;;;;;;;;;;;
194;2;GRUPO I;GDM GENETICA DO BRASIL;FPS 1755 IPRO;;;;;;;;;;;;;;;;;;;;;;;;;;;;;
195;1;GRUPO II;GDM GENETICA DO BRASIL;FPS 1867 IPRO;;;;;;;;;;;;;;;;;;;;;;;;;;;;;
196;1;GRUPO II;GDM GENETICA DO BRASIL;FPS ANTARES RR;;;;;;;;;;;;;;;;;;;;;;;;;;;;;
197;2;GRUPO I;GDM GENETICA DO BRASIL;FPS ATALANTA IPRO;;;;;;;;;;;;;;;;;;;;;;;;;;;;;
198;2;GRUPO I;GDM GENETICA DO BRASIL;FPS JÚPITER RR;;;;;;;;;;;;;;;;;;;;;;;;;;;;;
199;2;GRUPO I;GDM GENETICA DO BRASIL;FPS NETUNO RR;;;;;;;;;;;;;;;;;;;;;;;;;;;;;
200;2;GRUPO I;GDM GENETICA DO BRASIL;FPS SOLAR IPRO;;;;;;;;;;;;;;;;;;;;;;;;;;;;;
201;2;GRUPO I;GDM GENETICA DO BRASIL;FPS URANO RR;;;;;;;;;;;;;;;;;;;;;;;;;;;;;
202;2;GRUPO I;GDM GENETICA DO BRASIL;GUAIA6510 RR;;;;;;;;;;;;;;;;;;;;;;;;;;;;;
203;2;GRUPO I;GDM GENETICA DO BRASIL;K5616;;;;;;;;;;;;;;;;;;;;;;;;;;;;;
204;2;GRUPO I;GDM GENETICA DO BRASIL;K6116;;;;;;;;;;;;;;;;;;;;;;;;;;;;;
205;2;GRUPO I;GDM GENETICA DO BRASIL;K6221;;;;;;;;;;;;;;;;;;;;;;;;;;;;;
206;2;GRUPO I;GDM GENETICA DO BRASIL;L60150 IPRO;;;;;;;;;;;;;;;;;;;;;;;;;;;;;
207;2;GRUPO I;GDM GENETICA DO BRASIL;L60158 IPRO;;;;;;;;;;;;;;;;;;;;;;;;;;;;;
208;2;GRUPO I;GDM GENETICA DO BRASIL;NEX 457 IPRO;;;;;;;;;;;;;;;;;;;;;;;;;;;;;
209;2;GRUPO I;GDM GENETICA DO BRASIL;NEX 458 RR;;;;;;;;;;;;;;;;;;;;;;;;;;;;;
210;1;GRUPO II;GDM GENETICA DO BRASIL;NEX 467 RR;;;;;;;;;;;;;;;;;;;;;;;;;;;;;
211;2;GRUPO II;GDM GENETICA DO BRASIL;PP 7500 IPRO;;;;;;;;;;;;;;;;;;;;;;;;;;;;;
212;2;GRUPO I;GDM GENETICA DO BRASIL;PRE 5808;;;;;;;;;;;;;;;;;;;;;;;;;;;;;
213;2;GRUPO I;GDM GENETICA DO BRASIL;PRE 6310 IPRO;;;;;;;;;;;;;;;;;;;;;;;;;;;;;
214;1;GRUPO II;GDM GENETICA DO BRASIL;PRE 6336;;;;;;;;;;;;;;;;;;;;;;;;;;;;;
215;2;GRUPO I;GDM GENETICA DO BRASIL;RK 5813 RR;;;;;;;;;;;;;;;;;;;;;;;;;;;;;
216;1;GRUPO II;GDM GENETICA DO BRASIL;RK 6316 IPRO;;;;;;;;;;;;;;;;;;;;;;;;;;;;;
217;1;GRUPO II;GDM GENETICA DO BRASIL;RK 6813 RR;;;;;;;;;;;;;;;;;;;;;;;;;;;;;
218;2;GRUPO II;GDM GENETICA DO BRASIL;RK 7214 IPRO;;;;;;;;;;;;;;;;;;;;;;;;;;;;;
219;2;GRUPO I;GDM GENETICA DO BRASIL;ROOS AVANCE RR;;;;;;;;;;;;;;;;;;;;;;;;;;;;;
220;2;GRUPO I;GDM GENETICA DO BRASIL;ROOS CAMINO RR;;;;;;;;;;;;;;;;;;;;;;;;;;;;;
221;2;GRUPO I;GDM GENETICA DO BRASIL;ROTA 54 IPRO;;;;;;;;;;;;;;;;;;;;;;;;;;;;;
222;1;GRUPO I;GDM GENETICA DO BRASIL ;BMX ATIVA RR;;;;;;;;;;;;;;;;;;;;;;;;;;;;;
223;1;GRUPO I;GDM GENETICA DO BRASIL ;BMX ENERGIA RR;;;;;;;;;;;;;;;;;;;;;;;;;;;;;
224;1;GRUPO I;GDM GENETICA DO BRASIL ;DMARIO 6200;;;;;;;;;;;;;;;;;;;;;;;;;;;;;
225;1;GRUPO I;GDM GENETICA DO BRASIL ;HO 5310 IPRO;;;;;;;;;;;;;;;;;;;;;;;;;;;;;
226;1;GRUPO I;GDM GENETICA DO BRASIL ;;;;;;;;;;;;;;;;;;;;;;;;;;;;;;
227;3;GRUPO I;GENEZE SEMENTES S/A;GNZ 1674 RR;;;;;;;;;;;;;;;;;;;;;;;;;;;;;
228;3;GRUPO I;GENEZE SEMENTES S/A;GNZ 1675 RR;;;;;;;;;;;;;;;;;;;;;;;;;;;;;
229;3;GRUPO I;GENEZE SEMENTES S/A;GNZ 1774 RR;;;;;;;;;;;;;;;;;;;;;;;;;;;;;
230;1;GRUPO I;GENEZE SEMENTES S/A;GNZ 550S RR;;;;;;;;;;;;;;;;;;;;;;;;;;;;;
231;1;GRUPO II;GENEZE SEMENTES S/A;GNZ 660S RR;;;;;;;;;;;;;;;;;;;;;;;;;;;;;
232;1;GRUPO I;GENEZE SEMENTES S/A;RM 5885;;;;;;;;;;;;;;;;;;;;;;;;;;;;;
233;1;GRUPO I;GENEZE SEMENTES S/A;SRM 4602;;;;;;;;;;;;;;;;;;;;;;;;;;;;;
234;1;GRUPO I;GENEZE SEMENTES S/A;SRM 5200;;;;;;;;;;;;;;;;;;;;;;;;;;;;;
235;1;GRUPO I;GENEZE SEMENTES S/A;SRM 5944;;;;;;;;;;;;;;;;;;;;;;;;;;;;;
236;1;GRUPO I;GENEZE SEMENTES S/A;SRM 5951;;;;;;;;;;;;;;;;;;;;;;;;;;;;;
237;1;GRUPO I;GENEZE SEMENTES S/A;SRM 6256;;;;;;;;;;;;;;;;;;;;;;;;;;;;;
238;1;GRUPO I;HO SEMENTES LTDA;57HO121 SC RR;;;;;;;;;;;;;;;;;;;;;;;;;;;;;
239;1;GRUPO I;HO SEMENTES LTDA;58HO124 EP RR;;;;;;;;;;;;;;;;;;;;;;;;;;;;;
240;1;GRUPO I;HO SEMENTES LTDA;HS 61103;;;;;;;;;;;;;;;;;;;;;;;;;;;;;
241;1;GRUPO I;HO SEMENTES LTDA;HS 63126;;;;;;;;;;;;;;;;;;;;;;;;;;;;;
242;1;GRUPO I;LUIZ ALBERTO BENSO;BE 5711;;;;;;;;;;;;;;;;;;;;;;;;;;;;;
243;1;GRUPO II;LUIZ ALBERTO BENSO;BE 7015 RR;;;;;;;;;;;;;;;;;;;;;;;;;;;;;
244;1;GRUPO I;LUIZ ALBERTO BENSO;BENSO 1 RR;;;;;;;;;;;;;;;;;;;;;;;;;;;;;
245;1;GRUPO I;LUIZ ALBERTO BENSO;BENSO 3 RR;;;;;;;;;;;;;;;;;;;;;;;;;;;;;
246;1;GRUPO I;MONSOY LTDA;5644I PRO;;;;;;;;;;;;;;;;;;;;;;;;;;;;;
247;1;GRUPO I;MONSOY LTDA;5674I PRO;;;;;;;;;;;;;;;;;;;;;;;;;;;;;
248;1;GRUPO I;MONSOY LTDA;5761 IPRO;;;;;;;;;;;;;;;;;;;;;;;;;;;;;
249;2;GRUPO I;MONSOY LTDA;5857 IPRO;;;;;;;;;;;;;;;;;;;;;;;;;;;;;
250;2;GRUPO I;MONSOY LTDA;5993 IPRO;;;;;;;;;;;;;;;;;;;;;;;;;;;;;
251;2;GRUPO I;MONSOY LTDA;5994 IPRO;;;;;;;;;;;;;;;;;;;;;;;;;;;;;
252;2;GRUPO I;MONSOY LTDA;6023 IPRO;;;;;;;;;;;;;;;;;;;;;;;;;;;;;
253;2;GRUPO I;MONSOY LTDA;6037 IPRO;;;;;;;;;;;;;;;;;;;;;;;;;;;;;
254;2;GRUPO I;MONSOY LTDA;6039 IPRO;;;;;;;;;;;;;;;;;;;;;;;;;;;;;
255;1;GRUPO I;MONSOY LTDA;6047 IPRO;;;;;;;;;;;;;;;;;;;;;;;;;;;;;
256;1;GRUPO I;MONSOY LTDA;6051 IPRO;;;;;;;;;;;;;;;;;;;;;;;;;;;;;
257;1;GRUPO I;MONSOY LTDA;6087 IPRO;;;;;;;;;;;;;;;;;;;;;;;;;;;;;
258;2;GRUPO I;MONSOY LTDA;6114 IPRO;;;;;;;;;;;;;;;;;;;;;;;;;;;;;
259;2;GRUPO I;MONSOY LTDA;6240 IPRO;;;;;;;;;;;;;;;;;;;;;;;;;;;;;
260;2;GRUPO I;MONSOY LTDA;6287 IPRO;;;;;;;;;;;;;;;;;;;;;;;;;;;;;
261;2;GRUPO I;MONSOY LTDA;6333 IPRO;;;;;;;;;;;;;;;;;;;;;;;;;;;;;
262;2;GRUPO I;MONSOY LTDA;6391 IPRO;;;;;;;;;;;;;;;;;;;;;;;;;;;;;
263;2;GRUPO I;MONSOY LTDA;6453 IPRO;;;;;;;;;;;;;;;;;;;;;;;;;;;;;
264;2;GRUPO II;MONSOY LTDA;7045 IPRO;;;;;;;;;;;;;;;;;;;;;;;;;;;;;
265;1;GRUPO I;MONSOY LTDA;95R95 IPRO;;;;;;;;;;;;;;;;;;;;;;;;;;;;;
266;1;GRUPO I;MONSOY LTDA;AS 3570 IPRO;;;;;;;;;;;;;;;;;;;;;;;;;;;;;
267;2;GRUPO I;MONSOY LTDA;AS 3575 IPRO;;;;;;;;;;;;;;;;;;;;;;;;;;;;;
268;1;GRUPO I;MONSOY LTDA;AS 3590 IPRO;;;;;;;;;;;;;;;;;;;;;;;;;;;;;
269;1;GRUPO I;MONSOY LTDA;AS 3610 IPRO;;;;;;;;;;;;;;;;;;;;;;;;;;;;;
270;2;GRUPO II;MONSOY LTDA;AS 3730 IPRO;;;;;;;;;;;;;;;;;;;;;;;;;;;;;
271;2;GRUPO II;MONSOY LTDA;AS3680 IPRO;;;;;;;;;;;;;;;;;;;;;;;;;;;;;
272;1;GRUPO I;MONSOY LTDA;BS 2606 IPRO;;;;;;;;;;;;;;;;;;;;;;;;;;;;;
273;2;GRUPO II;MONSOY LTDA;CD 2728 IPRO;;;;;;;;;;;;;;;;;;;;;;;;;;;;;
274;1;GRUPO I;MONSOY LTDA;M5410 IPRO;;;;;;;;;;;;;;;;;;;;;;;;;;;;;
275;1;GRUPO I;MONSOY LTDA;M5705 IPRO;;;;;;;;;;;;;;;;;;;;;;;;;;;;;
276;1;GRUPO I;MONSOY LTDA;M5730 IPRO;;;;;;;;;;;;;;;;;;;;;;;;;;;;;
277;1;GRUPO I;MONSOY LTDA;M5838 IPRO;;;;;;;;;;;;;;;;;;;;;;;;;;;;;
278;1;GRUPO I;MONSOY LTDA;M5892 IPRO;;;;;;;;;;;;;;;;;;;;;;;;;;;;;
279;1;GRUPO I;MONSOY LTDA;M5917 IPRO;;;;;;;;;;;;;;;;;;;;;;;;;;;;;
280;1;GRUPO I;MONSOY LTDA;M5947 IPRO;;;;;;;;;;;;;;;;;;;;;;;;;;;;;
281;1;GRUPO I;MONSOY LTDA;M6210 IPRO;;;;;;;;;;;;;;;;;;;;;;;;;;;;;
282;1;GRUPO II;MONSOY LTDA;M6410 IPRO;;;;;;;;;;;;;;;;;;;;;;;;;;;;;
283;1;GRUPO II;NIDERA SEEDS BRASIL LTDA;NA 5909 RG;;;;;;;;;;;;;;;;;;;;;;;;;;;;;
284;1;GRUPO I;NIDERA SEEDS BRASIL LTDA;NS 4823;;;;;;;;;;;;;;;;;;;;;;;;;;;;;
285;1;GRUPO I;NIDERA SEEDS BRASIL LTDA;NS 5106 IPRO;;;;;;;;;;;;;;;;;;;;;;;;;;;;;
286;1;GRUPO I;NIDERA SEEDS BRASIL LTDA;NS 5160 IPRO;;;;;;;;;;;;;;;;;;;;;;;;;;;;;
287;1;GRUPO I;NIDERA SEEDS BRASIL LTDA;NS 5258;;;;;;;;;;;;;;;;;;;;;;;;;;;;;
288;1;GRUPO I;NIDERA SEEDS BRASIL LTDA;NS 5445 IPRO;;;;;;;;;;;;;;;;;;;;;;;;;;;;;
289;1;GRUPO I;NIDERA SEEDS BRASIL LTDA;NS 5727 IPRO;;;;;;;;;;;;;;;;;;;;;;;;;;;;;
290;1;GRUPO II;NIDERA SEEDS BRASIL LTDA;NS 5959 IPRO;;;;;;;;;;;;;;;;;;;;;;;;;;;;;
291;1;GRUPO I;NIDERA SEEDS BRASIL LTDA;NS 6006 IPRO;;;;;;;;;;;;;;;;;;;;;;;;;;;;;
292;1;GRUPO I;NIDERA SEEDS BRASIL LTDA;NS 6060 IPRO;;;;;;;;;;;;;;;;;;;;;;;;;;;;;
293;1;GRUPO II;NIDERA SEEDS BRASIL LTDA;NS 6209;;;;;;;;;;;;;;;;;;;;;;;;;;;;;
294;1;GRUPO I;NIDERA SEEDS BRASIL LTDA;NS 6390 IPRO;;;;;;;;;;;;;;;;;;;;;;;;;;;;;
295;1;GRUPO II;NIDERA SEEDS BRASIL LTDA;NS 6535 IPRO;;;;;;;;;;;;;;;;;;;;;;;;;;;;;
296;1;GRUPO II;NIDERA SEEDS BRASIL LTDA;NS 6601 IPRO;;;;;;;;;;;;;;;;;;;;;;;;;;;;;
297;1;GRUPO II;NIDERA SEEDS BRASIL LTDA;NS 6700 IPRO;;;;;;;;;;;;;;;;;;;;;;;;;;;;;
298;1;GRUPO II;NIDERA SEEDS BRASIL LTDA;NS 6823RR;;;;;;;;;;;;;;;;;;;;;;;;;;;;;
299;1;GRUPO II;NIDERA SEEDS BRASIL LTDA;NS 6828 IPRO;;;;;;;;;;;;;;;;;;;;;;;;;;;;;
300;1;GRUPO II;NIDERA SEEDS BRASIL LTDA;NS 6906 IPRO;;;;;;;;;;;;;;;;;;;;;;;;;;;;;
301;1;GRUPO II;NIDERA SEEDS BRASIL LTDA;NS 6909 IPRO;;;;;;;;;;;;;;;;;;;;;;;;;;;;;
302;1;GRUPO II;NIDERA SEEDS BRASIL LTDA;NS 7000 IPRO;;;;;;;;;;;;;;;;;;;;;;;;;;;;;
303;1;GRUPO II;NIDERA SEEDS BRASIL LTDA;NS 7209 IPRO;;;;;;;;;;;;;;;;;;;;;;;;;;;;;
304;1;GRUPO II;NIDERA SEEDS BRASIL LTDA;NS 7237 IPRO;;;;;;;;;;;;;;;;;;;;;;;;;;;;;
305;1;GRUPO II;NIDERA SEEDS BRASIL LTDA;NS 7300 IPRO;;;;;;;;;;;;;;;;;;;;;;;;;;;;;
306;1;GRUPO II;NIDERA SEEDS BRASIL LTDA;NS 7338 IPRO;;;;;;;;;;;;;;;;;;;;;;;;;;;;;
307;2;GRUPO II;NIDERA SEEDS BRASIL LTDA;NS 7709 IPRO;;;;;;;;;;;;;;;;;;;;;;;;;;;;;
308;1;GRUPO I;SYNGENTA SEEDS LTDA;CA 1151811 IPRO;;;;;;;;;;;;;;;;;;;;;;;;;;;;;
309;1;GRUPO I;SYNGENTA SEEDS LTDA;CA 1156543 IPRO;;;;;;;;;;;;;;;;;;;;;;;;;;;;;
310;1;GRUPO I;SYNGENTA SEEDS LTDA;CA 1255292 IPRO;;;;;;;;;;;;;;;;;;;;;;;;;;;;;
311;1;GRUPO I;SYNGENTA SEEDS LTDA;CA 1255493 IPRO;;;;;;;;;;;;;;;;;;;;;;;;;;;;;
312;1;GRUPO I;SYNGENTA SEEDS LTDA;NK 7059 RR;;;;;;;;;;;;;;;;;;;;;;;;;;;;;
313;1;GRUPO I;SYNGENTA SEEDS LTDA;SYN 1049 RR;;;;;;;;;;;;;;;;;;;;;;;;;;;;;
314;1;GRUPO I;SYNGENTA SEEDS LTDA;SYN 1059 RR;;;;;;;;;;;;;;;;;;;;;;;;;;;;;
315;1;GRUPO I;SYNGENTA SEEDS LTDA;SYN 1060AP;;;;;;;;;;;;;;;;;;;;;;;;;;;;;
316;1;GRUPO I;SYNGENTA SEEDS LTDA;SYN 1152 RR;;;;;;;;;;;;;;;;;;;;;;;;;;;;;
317;1;GRUPO I;SYNGENTA SEEDS LTDA;SYN 1157 RR;;;;;;;;;;;;;;;;;;;;;;;;;;;;;
318;1;GRUPO I;SYNGENTA SEEDS LTDA;SYN 1158 RR;;;;;;;;;;;;;;;;;;;;;;;;;;;;;
319;1;GRUPO I;SYNGENTA SEEDS LTDA;SYN 1163 RR;;;;;;;;;;;;;;;;;;;;;;;;;;;;;
320;1;GRUPO I;SYNGENTA SEEDS LTDA;SYN 1257 RR;;;;;;;;;;;;;;;;;;;;;;;;;;;;;
321;1;GRUPO I;SYNGENTA SEEDS LTDA;SYN 1258 RR;;;;;;;;;;;;;;;;;;;;;;;;;;;;;
322;2;GRUPO I;SYNGENTA SEEDS LTDA;SYN 1261 RR;;;;;;;;;;;;;;;;;;;;;;;;;;;;;
323;1;GRUPO I;SYNGENTA SEEDS LTDA;SYN 1263 RR;;;;;;;;;;;;;;;;;;;;;;;;;;;;;
324;1;GRUPO I;SYNGENTA SEEDS LTDA;SYN 13561 IPRO;;;;;;;;;;;;;;;;;;;;;;;;;;;;;
325;1;GRUPO I;SYNGENTA SEEDS LTDA;SYN 1359S IPRO;;;;;;;;;;;;;;;;;;;;;;;;;;;;;
326;1;GRUPO I;SYNGENTA SEEDS LTDA;SYN 13610 IPRO;;;;;;;;;;;;;;;;;;;;;;;;;;;;;
327;1;GRUPO II;SYNGENTA SEEDS LTDA;SYN 1363 RR;;;;;;;;;;;;;;;;;;;;;;;;;;;;;
328;1;GRUPO II;SYNGENTA SEEDS LTDA;SYN 1365 RR;;;;;;;;;;;;;;;;;;;;;;;;;;;;;
329;1;GRUPO II;SYNGENTA SEEDS LTDA;SYN 1366C IPRO;;;;;;;;;;;;;;;;;;;;;;;;;;;;;
330;1;GRUPO II;SYNGENTA SEEDS LTDA;SYN 13671 IPRO;;;;;;;;;;;;;;;;;;;;;;;;;;;;;
331;1;GRUPO I;SYNGENTA SEEDS LTDA;SYN 15600 IPRO;;;;;;;;;;;;;;;;;;;;;;;;;;;;;
332;1;GRUPO I;SYNGENTA SEEDS LTDA;SYN 1561 IPRO;;;;;;;;;;;;;;;;;;;;;;;;;;;;;
333;1;GRUPO II;SYNGENTA SEEDS LTDA;SYN 1562 IPRO;;;;;;;;;;;;;;;;;;;;;;;;;;;;;
334;1;GRUPO II;SYNGENTA SEEDS LTDA;SYN 15630 IPRO;;;;;;;;;;;;;;;;;;;;;;;;;;;;;
335;1;GRUPO II;SYNGENTA SEEDS LTDA;SYN 15640 IPRO;;;;;;;;;;;;;;;;;;;;;;;;;;;;;
336;1;GRUPO I;SYNGENTA SEEDS LTDA;SYN 1657 IPRO;;;;;;;;;;;;;;;;;;;;;;;;;;;;;
337;2;GRUPO I;SYNGENTA SEEDS LTDA;SYN 1662 IPRO;;;;;;;;;;;;;;;;;;;;;;;;;;;;;
338;2;GRUPO I;SYNGENTA SEEDS LTDA;SYN 1665 IPRO;;;;;;;;;;;;;;;;;;;;;;;;;;;;;
339;1;GRUPO II;SYNGENTA SEEDS LTDA;SYN 9070 RR;;;;;;;;;;;;;;;;;;;;;;;;;;;;;
340;1;GRUPO II;SYNGENTA SEEDS LTDA;SYN 9074 RR;;;;;;;;;;;;;;;;;;;;;;;;;;;;;
341;1;GRUPO I;SYNGENTA SEEDS LTDA;UB 12521065 IPRO;;;;;;;;;;;;;;;;;;;;;;;;;;;;;
342;1;GRUPO II;SYNGENTA SEEDS LTDA;UB 1350578 IPRO;;;;;;;;;;;;;;;;;;;;;;;;;;;;;
343;1;GRUPO I;TMG TROPICAL MELHORAMENTO E GENETICA LTDA.;5400 IPRO;;;;;;;;;;;;;;;;;;;;;;;;;;;;;
344;1;GRUPO I;TMG TROPICAL MELHORAMENTO E GENETICA LTDA.;5D610 RR;;;;;;;;;;;;;;;;;;;;;;;;;;;;;
345;1;GRUPO I;TMG TROPICAL MELHORAMENTO E GENETICA LTDA.;5D6215 IPRO;;;;;;;;;;;;;;;;;;;;;;;;;;;;;
346;2;GRUPO I;TMG TROPICAL MELHORAMENTO E GENETICA LTDA.;5D634 RR;;;;;;;;;;;;;;;;;;;;;;;;;;;;;
347;1;GRUPO I;TMG TROPICAL MELHORAMENTO E GENETICA LTDA.;60163 IPRO;;;;;;;;;;;;;;;;;;;;;;;;;;;;;
348;1;GRUPO II;TMG TROPICAL MELHORAMENTO E GENETICA LTDA.;6400 IPRO;;;;;;;;;;;;;;;;;;;;;;;;;;;;;
349;1;GRUPO I;TMG TROPICAL MELHORAMENTO E GENETICA LTDA.;CZ 36B31 IPRO;;;;;;;;;;;;;;;;;;;;;;;;;;;;;
350;1;GRUPO I;TMG TROPICAL MELHORAMENTO E GENETICA LTDA.;DS 6017 IPRO;;;;;;;;;;;;;;;;;;;;;;;;;;;;;
351;1;GRUPO II;TMG TROPICAL MELHORAMENTO E GENETICA LTDA.;DS 6716 IPRO;;;;;;;;;;;;;;;;;;;;;;;;;;;;;
352;1;GRUPO I;TMG TROPICAL MELHORAMENTO E GENETICA LTDA.;PRODUZA IPRO;;;;;;;;;;;;;;;;;;;;;;;;;;;;;
353;2;GRUPO I;TMG TROPICAL MELHORAMENTO E GENETICA LTDA.;SG 1059 IPRO;;;;;;;;;;;;;;;;;;;;;;;;;;;;;
354;1;GRUPO I;TMG TROPICAL MELHORAMENTO E GENETICA LTDA.;SG 10I58 IPRO;;;;;;;;;;;;;;;;;;;;;;;;;;;;;
355;1;GRUPO I;TMG TROPICAL MELHORAMENTO E GENETICA LTDA.;SG 10I61 IPRO;;;;;;;;;;;;;;;;;;;;;;;;;;;;;
356;1;GRUPO I;TMG TROPICAL MELHORAMENTO E GENETICA LTDA.;ST 620 IPRO;;;;;;;;;;;;;;;;;;;;;;;;;;;;;
357;1;GRUPO II;TMG TROPICAL MELHORAMENTO E GENETICA LTDA.;TMG 1066 RR;;;;;;;;;;;;;;;;;;;;;;;;;;;;;
358;1;GRUPO II;TMG TROPICAL MELHORAMENTO E GENETICA LTDA.;TMG 1067 RR;;;;;;;;;;;;;;;;;;;;;;;;;;;;;
359;1;GRUPO II;TMG TROPICAL MELHORAMENTO E GENETICA LTDA.;TMG 1264 RR;;;;;;;;;;;;;;;;;;;;;;;;;;;;;
360;1;GRUPO II;TMG TROPICAL MELHORAMENTO E GENETICA LTDA.;TMG 1266 RR;;;;;;;;;;;;;;;;;;;;;;;;;;;;;
361;1;GRUPO I;TMG TROPICAL MELHORAMENTO E GENETICA LTDA.;TMG 1759 RR;;;;;;;;;;;;;;;;;;;;;;;;;;;;;
362;1;GRUPO I;TMG TROPICAL MELHORAMENTO E GENETICA LTDA.;TMG 2158 IPRO;;;;;;;;;;;;;;;;;;;;;;;;;;;;;
363;1;GRUPO I;TMG TROPICAL MELHORAMENTO E GENETICA LTDA.;TMG 7059 IPRO;;;;;;;;;;;;;;;;;;;;;;;;;;;;;
364;1;GRUPO I;TMG TROPICAL MELHORAMENTO E GENETICA LTDA.;TMG 7060 IPRO;;;;;;;;;;;;;;;;;;;;;;;;;;;;;
365;1;GRUPO I;TMG TROPICAL MELHORAMENTO E GENETICA LTDA.;TMG 7061 IPRO;;;;;;;;;;;;;;;;;;;;;;;;;;;;;
366;1;GRUPO I;TMG TROPICAL MELHORAMENTO E GENETICA LTDA.;TMG 7062 IPRO;;;;;;;;;;;;;;;;;;;;;;;;;;;;;
367;1;GRUPO I;TMG TROPICAL MELHORAMENTO E GENETICA LTDA.;TMG 7063 IPRO;;;;;;;;;;;;;;;;;;;;;;;;;;;;;
368;1;GRUPO II;TMG TROPICAL MELHORAMENTO E GENETICA LTDA.;TMG 7067 IPRO;;;;;;;;;;;;;;;;;;;;;;;;;;;;;
369;1;GRUPO I;TMG TROPICAL MELHORAMENTO E GENETICA LTDA.;TMG 7161 RR;;;;;;;;;;;;;;;;;;;;;;;;;;;;;
370;1;GRUPO I;TMG TROPICAL MELHORAMENTO E GENETICA LTDA.;TMG 7260 IPRO;;;;;;;;;;;;;;;;;;;;;;;;;;;;;
371;1;GRUPO I;TMG TROPICAL MELHORAMENTO E GENETICA LTDA.;TMG 7262 RR;;;;;;;;;;;;;;;;;;;;;;;;;;;;;
372;1;GRUPO I;TMG TROPICAL MELHORAMENTO E GENETICA LTDA.;TMG 7363 RR;;;;;;;;;;;;;;;;;;;;;;;;;;;;;
;;;;;;;;;;;;;;;;;;;;;;;;;;;;;;;;;
;;;;;;;;;;;;;;;;;;;;;;;;;;;;;;;;;
;;;;;;;;;;;;;;;;;;;;;;;;;;;;;;;;;
;;;;;;;;;;;;;;;;;;;;;;;;;;;;;;;;;
;;;;;;;;;;;;;;;;;;;;;;;;;;;;;;;;;
;;;;;;;;;;;;;;;;;;;;;;;;;;;;;;;;;
;;;;;;;;;;;;;;;;;;;;;;;;;;;;;;;;;
;;;;;;;;;;;;;;;;;;;;;;;;;;;;;;;;;
;;;;;;;;;;;;;;;;;;;;;;;;;;;;;;;;;
;;;;;;;;;;;;;;;;;;;;;;;;;;;;;;;;;
;;;;;;;;;;;;;;;;;;;;;;;;;;;;;;;;;
;;;;;;;;;;;;;;;;;;;;;;;;;;;;;;;;;
;;;;;;;;;;;;;;;;;;;;;;;;;;;;;;;;;
;;;;;;;;;;;;;;;;;;;;;;;;;;;;;;;;;
;;;;;;;;;;;;;;;;;;;;;;;;;;;;;;;;;
;;;;;;;;;;;;;;;;;;;;;;;;;;;;;;;;;
;;;;;;;;;;;;;;;;;;;;;;;;;;;;;;;;;
;;;;;;;;;;;;;;;;;;;;;;;;;;;;;;;;;
;;;;;;;;;;;;;;;;;;;;;;;;;;;;;;;;;
;;;;;;;;;;;;;;;;;;;;;;;;;;;;;;;;;
;;;;;;;;;;;;;;;;;;;;;;;;;;;;;;;;;
;;;;;;;;;;;;;;;;;;;;;;;;;;;;;;;;;
;;;;;;;;;;;;;;;;;;;;;;;;;;;;;;;;;
;;;;;;;;;;;;;;;;;;;;;;;;;;;;;;;;;
;;;;;;;;;;;;;;;;;;;;;;;;;;;;;;;;;
;;;;;;;;;;;;;;;;;;;;;;;;;;;;;;;;;
;;;;;;;;;;;;;;;;;;;;;;;;;;;;;;;;;
;;;;;;;;;;;;;;;;;;;;;;;;;;;;;;;;;
;;;;;;;;;;;;;;;;;;;;;;;;;;;;;;;;;
;;;;;;;;;;;;;;;;;;;;;;;;;;;;;;;;;
;;;;;;;;;;;;;;;;;;;;;;;;;;;;;;;;;
;;;;;;;;;;;;;;;;;;;;;;;;;;;;;;;;;
;;;;;;;;;;;;;;;;;;;;;;;;;;;;;;;;;
;;;;;;;;;;;;;;;;;;;;;;;;;;;;;;;;;
;;;;;;;;;;;;;;;;;;;;;;;;;;;;;;;;;
;;;;;;;;;;;;;;;;;;;;;;;;;;;;;;;;;
;;;;;;;;;;;;;;;;;;;;;;;;;;;;;;;;;
;;;;;;;;;;;;;;;;;;;;;;;;;;;;;;;;;
;;;;;;;;;;;;;;;;;;;;;;;;;;;;;;;;;
;;;;;;;;;;;;;;;;;;;;;;;;;;;;;;;;;
;;;;;;;;;;;;;;;;;;;;;;;;;;;;;;;;;
;;;;;;;;;;;;;;;;;;;;;;;;;;;;;;;;;
;;;;;;;;;;;;;;;;;;;;;;;;;;;;;;;;;
;;;;;;;;;;;;;;;;;;;;;;;;;;;;;;;;;
;;;;;;;;;;;;;;;;;;;;;;;;;;;;;;;;;
;;;;;;;;;;;;;;;;;;;;;;;;;;;;;;;;;
;;;;;;;;;;;;;;;;;;;;;;;;;;;;;;;;;
;;;;;;;;;;;;;;;;;;;;;;;;;;;;;;;;;
;;;;;;;;;;;;;;;;;;;;;;;;;;;;;;;;;
;;;;;;;;;;;;;;;;;;;;;;;;;;;;;;;;;
;;;;;;;;;;;;;;;;;;;;;;;;;;;;;;;;;
;;;;;;;;;;;;;;;;;;;;;;;;;;;;;;;;;
;;;;;;;;;;;;;;;;;;;;;;;;;;;;;;;;;
;;;;;;;;;;;;;;;;;;;;;;;;;;;;;;;;;
;;;;;;;;;;;;;;;;;;;;;;;;;;;;;;;;;
;;;;;;;;;;;;;;;;;;;;;;;;;;;;;;;;;
;;;;;;;;;;;;;;;;;;;;;;;;;;;;;;;;;
;;;;;;;;;;;;;;;;;;;;;;;;;;;;;;;;;
;;;;;;;;;;;;;;;;;;;;;;;;;;;;;;;;;
;;;;;;;;;;;;;;;;;;;;;;;;;;;;;;;;;
;;;;;;;;;;;;;;;;;;;;;;;;;;;;;;;;;
;;;;;;;;;;;;;;;;;;;;;;;;;;;;;;;;;
;;;;;;;;;;;;;;;;;;;;;;;;;;;;;;;;;
;;;;;;;;;;;;;;;;;;;;;;;;;;;;;;;;;
;;;;;;;;;;;;;;;;;;;;;;;;;;;;;;;;;
;;;;;;;;;;;;;;;;;;;;;;;;;;;;;;;;;
;;;;;;;;;;;;;;;;;;;;;;;;;;;;;;;;;
;;;;;;;;;;;;;;;;;;;;;;;;;;;;;;;;;
;;;;;;;;;;;;;;;;;;;;;;;;;;;;;;;;;
;;;;;;;;;;;;;;;;;;;;;;;;;;;;;;;;;
;;;;;;;;;;;;;;;;;;;;;;;;;;;;;;;;;
;;;;;;;;;;;;;;;;;;;;;;;;;;;;;;;;;
;;;;;;;;;;;;;;;;;;;;;;;;;;;;;;;;;
;;;;;;;;;;;;;;;;;;;;;;;;;;;;;;;;;
;;;;;;;;;;;;;;;;;;;;;;;;;;;;;;;;;
;;;;;;;;;;;;;;;;;;;;;;;;;;;;;;;;;
;;;;;;;;;;;;;;;;;;;;;;;;;;;;;;;;;
;;;;;;;;;;;;;;;;;;;;;;;;;;;;;;;;;
;;;;;;;;;;;;;;;;;;;;;;;;;;;;;;;;;
;;;;;;;;;;;;;;;;;;;;;;;;;;;;;;;;;
;;;;;;;;;;;;;;;;;;;;;;;;;;;;;;;;;
;;;;;;;;;;;;;;;;;;;;;;;;;;;;;;;;;
;;;;;;;;;;;;;;;;;;;;;;;;;;;;;;;;;
;;;;;;;;;;;;;;;;;;;;;;;;;;;;;;;;;
;;;;;;;;;;;;;;;;;;;;;;;;;;;;;;;;;
;;;;;;;;;;;;;;;;;;;;;;;;;;;;;;;;;
;;;;;;;;;;;;;;;;;;;;;;;;;;;;;;;;;
;;;;;;;;;;;;;;;;;;;;;;;;;;;;;;;;;
;;;;;;;;;;;;;;;;;;;;;;;;;;;;;;;;;
;;;;;;;;;;;;;;;;;;;;;;;;;;;;;;;;;
;;;;;;;;;;;;;;;;;;;;;;;;;;;;;;;;;
;;;;;;;;;;;;;;;;;;;;;;;;;;;;;;;;;
;;;;;;;;;;;;;;;;;;;;;;;;;;;;;;;;;
;;;;;;;;;;;;;;;;;;;;;;;;;;;;;;;;;
;;;;;;;;;;;;;;;;;;;;;;;;;;;;;;;;;
;;;;;;;;;;;;;;;;;;;;;;;;;;;;;;;;;
;;;;;;;;;;;;;;;;;;;;;;;;;;;;;;;;;
;;;;;;;;;;;;;;;;;;;;;;;;;;;;;;;;;
;;;;;;;;;;;;;;;;;;;;;;;;;;;;;;;;;
;;;;;;;;;;;;;;;;;;;;;;;;;;;;;;;;;
;;;;;;;;;;;;;;;;;;;;;;;;;;;;;;;;;
;;;;;;;;;;;;;;;;;;;;;;;;;;;;;;;;;
;;;;;;;;;;;;;;;;;;;;;;;;;;;;;;;;;
;;;;;;;;;;;;;;;;;;;;;;;;;;;;;;;;;
;;;;;;;;;;;;;;;;;;;;;;;;;;;;;;;;;
;;;;;;;;;;;;;;;;;;;;;;;;;;;;;;;;;
;;;;;;;;;;;;;;;;;;;;;;;;;;;;;;;;;
;;;;;;;;;;;;;;;;;;;;;;;;;;;;;;;;;
;;;;;;;;;;;;;;;;;;;;;;;;;;;;;;;;;
;;;;;;;;;;;;;;;;;;;;;;;;;;;;;;;;;
;;;;;;;;;;;;;;;;;;;;;;;;;;;;;;;;;
;;;;;;;;;;;;;;;;;;;;;;;;;;;;;;;;;
;;;;;;;;;;;;;;;;;;;;;;;;;;;;;;;;;
;;;;;;;;;;;;;;;;;;;;;;;;;;;;;;;;;
;;;;;;;;;;;;;;;;;;;;;;;;;;;;;;;;;
;;;;;;;;;;;;;;;;;;;;;;;;;;;;;;;;;
;;;;;;;;;;;;;;;;;;;;;;;;;;;;;;;;;
;;;;;;;;;;;;;;;;;;;;;;;;;;;;;;;;;
;;;;;;;;;;;;;;;;;;;;;;;;;;;;;;;;;
;;;;;;;;;;;;;;;;;;;;;;;;;;;;;;;;;
;;;;;;;;;;;;;;;;;;;;;;;;;;;;;;;;;
;;;;;;;;;;;;;;;;;;;;;;;;;;;;;;;;;
;;;;;;;;;;;;;;;;;;;;;;;;;;;;;;;;;
;;;;;;;;;;;;;;;;;;;;;;;;;;;;;;;;;
;;;;;;;;;;;;;;;;;;;;;;;;;;;;;;;;;
;;;;;;;;;;;;;;;;;;;;;;;;;;;;;;;;;
;;;;;;;;;;;;;;;;;;;;;;;;;;;;;;;;;
;;;;;;;;;;;;;;;;;;;;;;;;;;;;;;;;;
;;;;;;;;;;;;;;;;;;;;;;;;;;;;;;;;;
;;;;;;;;;;;;;;;;;;;;;;;;;;;;;;;;;
;;;;;;;;;;;;;;;;;;;;;;;;;;;;;;;;;
;;;;;;;;;;;;;;;;;;;;;;;;;;;;;;;;;
;;;;;;;;;;;;;;;;;;;;;;;;;;;;;;;;;
;;;;;;;;;;;;;;;;;;;;;;;;;;;;;;;;;
;;;;;;;;;;;;;;;;;;;;;;;;;;;;;;;;;
;;;;;;;;;;;;;;;;;;;;;;;;;;;;;;;;;
;;;;;;;;;;;;;;;;;;;;;;;;;;;;;;;;;
;;;;;;;;;;;;;;;;;;;;;;;;;;;;;;;;;
;;;;;;;;;;;;;;;;;;;;;;;;;;;;;;;;;
;;;;;;;;;;;;;;;;;;;;;;;;;;;;;;;;;
;;;;;;;;;;;;;;;;;;;;;;;;;;;;;;;;;
;;;;;;;;;;;;;;;;;;;;;;;;;;;;;;;;;
;;;;;;;;;;;;;;;;;;;;;;;;;;;;;;;;;
;;;;;;;;;;;;;;;;;;;;;;;;;;;;;;;;;
;;;;;;;;;;;;;;;;;;;;;;;;;;;;;;;;;
;;;;;;;;;;;;;;;;;;;;;;;;;;;;;;;;;
;;;;;;;;;;;;;;;;;;;;;;;;;;;;;;;;;
;;;;;;;;;;;;;;;;;;;;;;;;;;;;;;;;;
;;;;;;;;;;;;;;;;;;;;;;;;;;;;;;;;;
;;;;;;;;;;;;;;;;;;;;;;;;;;;;;;;;;
;;;;;;;;;;;;;;;;;;;;;;;;;;;;;;;;;
;;;;;;;;;;;;;;;;;;;;;;;;;;;;;;;;;
;;;;;;;;;;;;;;;;;;;;;;;;;;;;;;;;;
;;;;;;;;;;;;;;;;;;;;;;;;;;;;;;;;;
;;;;;;;;;;;;;;;;;;;;;;;;;;;;;;;;;
;;;;;;;;;;;;;;;;;;;;;;;;;;;;;;;;;
;;;;;;;;;;;;;;;;;;;;;;;;;;;;;;;;;
;;;;;;;;;;;;;;;;;;;;;;;;;;;;;;;;;
;;;;;;;;;;;;;;;;;;;;;;;;;;;;;;;;;
;;;;;;;;;;;;;;;;;;;;;;;;;;;;;;;;;
;;;;;;;;;;;;;;;;;;;;;;;;;;;;;;;;;
;;;;;;;;;;;;;;;;;;;;;;;;;;;;;;;;;
;;;;;;;;;;;;;;;;;;;;;;;;;;;;;;;;;
;;;;;;;;;;;;;;;;;;;;;;;;;;;;;;;;;
;;;;;;;;;;;;;;;;;;;;;;;;;;;;;;;;;
;;;;;;;;;;;;;;;;;;;;;;;;;;;;;;;;;
;;;;;;;;;;;;;;;;;;;;;;;;;;;;;;;;;
;;;;;;;;;;;;;;;;;;;;;;;;;;;;;;;;;
;;;;;;;;;;;;;;;;;;;;;;;;;;;;;;;;;
;;;;;;;;;;;;;;;;;;;;;;;;;;;;;;;;;
;;;;;;;;;;;;;;;;;;;;;;;;;;;;;;;;;
;;;;;;;;;;;;;;;;;;;;;;;;;;;;;;;;;
;;;;;;;;;;;;;;;;;;;;;;;;;;;;;;;;;
;;;;;;;;;;;;;;;;;;;;;;;;;;;;;;;;;
;;;;;;;;;;;;;;;;;;;;;;;;;;;;;;;;;
;;;;;;;;;;;;;;;;;;;;;;;;;;;;;;;;;
;;;;;;;;;;;;;;;;;;;;;;;;;;;;;;;;;
;;;;;;;;;;;;;;;;;;;;;;;;;;;;;;;;;
;;;;;;;;;;;;;;;;;;;;;;;;;;;;;;;;;
;;;;;;;;;;;;;;;;;;;;;;;;;;;;;;;;;
;;;;;;;;;;;;;;;;;;;;;;;;;;;;;;;;;
;;;;;;;;;;;;;;;;;;;;;;;;;;;;;;;;;
;;;;;;;;;;;;;;;;;;;;;;;;;;;;;;;;;
;;;;;;;;;;;;;;;;;;;;;;;;;;;;;;;;;
;;;;;;;;;;;;;;;;;;;;;;;;;;;;;;;;;
;;;;;;;;;;;;;;;;;;;;;;;;;;;;;;;;;
;;;;;;;;;;;;;;;;;;;;;;;;;;;;;;;;;
;;;;;;;;;;;;;;;;;;;;;;;;;;;;;;;;;
;;;;;;;;;;;;;;;;;;;;;;;;;;;;;;;;;
;;;;;;;;;;;;;;;;;;;;;;;;;;;;;;;;;
;;;;;;;;;;;;;;;;;;;;;;;;;;;;;;;;;
;;;;;;;;;;;;;;;;;;;;;;;;;;;;;;;;;
;;;;;;;;;;;;;;;;;;;;;;;;;;;;;;;;;
;;;;;;;;;;;;;;;;;;;;;;;;;;;;;;;;;
;;;;;;;;;;;;;;;;;;;;;;;;;;;;;;;;;
;;;;;;;;;;;;;;;;;;;;;;;;;;;;;;;;;
;;;;;;;;;;;;;;;;;;;;;;;;;;;;;;;;;
;;;;;;;;;;;;;;;;;;;;;;;;;;;;;;;;;
;;;;;;;;;;;;;;;;;;;;;;;;;;;;;;;;;
;;;;;;;;;;;;;;;;;;;;;;;;;;;;;;;;;
;;;;;;;;;;;;;;;;;;;;;;;;;;;;;;;;;
;;;;;;;;;;;;;;;;;;;;;;;;;;;;;;;;;
;;;;;;;;;;;;;;;;;;;;;;;;;;;;;;;;;
;;;;;;;;;;;;;;;;;;;;;;;;;;;;;;;;;
;;;;;;;;;;;;;;;;;;;;;;;;;;;;;;;;;
;;;;;;;;;;;;;;;;;;;;;;;;;;;;;;;;;
;;;;;;;;;;;;;;;;;;;;;;;;;;;;;;;;;
;;;;;;;;;;;;;;;;;;;;;;;;;;;;;;;;;
;;;;;;;;;;;;;;;;;;;;;;;;;;;;;;;;;
;;;;;;;;;;;;;;;;;;;;;;;;;;;;;;;;;
;;;;;;;;;;;;;;;;;;;;;;;;;;;;;;;;;
;;;;;;;;;;;;;;;;;;;;;;;;;;;;;;;;;
;;;;;;;;;;;;;;;;;;;;;;;;;;;;;;;;;
;;;;;;;;;;;;;;;;;;;;;;;;;;;;;;;;;
;;;;;;;;;;;;;;;;;;;;;;;;;;;;;;;;;
;;;;;;;;;;;;;;;;;;;;;;;;;;;;;;;;;
;;;;;;;;;;;;;;;;;;;;;;;;;;;;;;;;;
;;;;;;;;;;;;;;;;;;;;;;;;;;;;;;;;;
;;;;;;;;;;;;;;;;;;;;;;;;;;;;;;;;;
;;;;;;;;;;;;;;;;;;;;;;;;;;;;;;;;;
;;;;;;;;;;;;;;;;;;;;;;;;;;;;;;;;;
;;;;;;;;;;;;;;;;;;;;;;;;;;;;;;;;;
;;;;;;;;;;;;;;;;;;;;;;;;;;;;;;;;;
;;;;;;;;;;;;;;;;;;;;;;;;;;;;;;;;;
;;;;;;;;;;;;;;;;;;;;;;;;;;;;;;;;;
;;;;;;;;;;;;;;;;;;;;;;;;;;;;;;;;;
;;;;;;;;;;;;;;;;;;;;;;;;;;;;;;;;;
;;;;;;;;;;;;;;;;;;;;;;;;;;;;;;;;;
;;;;;;;;;;;;;;;;;;;;;;;;;;;;;;;;;
;;;;;;;;;;;;;;;;;;;;;;;;;;;;;;;;;
;;;;;;;;;;;;;;;;;;;;;;;;;;;;;;;;;
;;;;;;;;;;;;;;;;;;;;;;;;;;;;;;;;;
;;;;;;;;;;;;;;;;;;;;;;;;;;;;;;;;;
;;;;;;;;;;;;;;;;;;;;;;;;;;;;;;;;;
;;;;;;;;;;;;;;;;;;;;;;;;;;;;;;;;;
;;;;;;;;;;;;;;;;;;;;;;;;;;;;;;;;;
;;;;;;;;;;;;;;;;;;;;;;;;;;;;;;;;;
;;;;;;;;;;;;;;;;;;;;;;;;;;;;;;;;;
;;;;;;;;;;;;;;;;;;;;;;;;;;;;;;;;;
;;;;;;;;;;;;;;;;;;;;;;;;;;;;;;;;;
;;;;;;;;;;;;;;;;;;;;;;;;;;;;;;;;;
;;;;;;;;;;;;;;;;;;;;;;;;;;;;;;;;;
;;;;;;;;;;;;;;;;;;;;;;;;;;;;;;;;;
;;;;;;;;;;;;;;;;;;;;;;;;;;;;;;;;;
;;;;;;;;;;;;;;;;;;;;;;;;;;;;;;;;;
;;;;;;;;;;;;;;;;;;;;;;;;;;;;;;;;;
;;;;;;;;;;;;;;;;;;;;;;;;;;;;;;;;;
;;;;;;;;;;;;;;;;;;;;;;;;;;;;;;;;;
;;;;;;;;;;;;;;;;;;;;;;;;;;;;;;;;;
;;;;;;;;;;;;;;;;;;;;;;;;;;;;;;;;;
;;;;;;;;;;;;;;;;;;;;;;;;;;;;;;;;;
;;;;;;;;;;;;;;;;;;;;;;;;;;;;;;;;;
;;;;;;;;;;;;;;;;;;;;;;;;;;;;;;;;;
;;;;;;;;;;;;;;;;;;;;;;;;;;;;;;;;;
;;;;;;;;;;;;;;;;;;;;;;;;;;;;;;;;;
;;;;;;;;;;;;;;;;;;;;;;;;;;;;;;;;;
;;;;;;;;;;;;;;;;;;;;;;;;;;;;;;;;;
;;;;;;;;;;;;;;;;;;;;;;;;;;;;;;;;;
;;;;;;;;;;;;;;;;;;;;;;;;;;;;;;;;;
;;;;;;;;;;;;;;;;;;;;;;;;;;;;;;;;;
;;;;;;;;;;;;;;;;;;;;;;;;;;;;;;;;;
;;;;;;;;;;;;;;;;;;;;;;;;;;;;;;;;;
;;;;;;;;;;;;;;;;;;;;;;;;;;;;;;;;;
;;;;;;;;;;;;;;;;;;;;;;;;;;;;;;;;;
;;;;;;;;;;;;;;;;;;;;;;;;;;;;;;;;;
;;;;;;;;;;;;;;;;;;;;;;;;;;;;;;;;;
;;;;;;;;;;;;;;;;;;;;;;;;;;;;;;;;;
;;;;;;;;;;;;;;;;;;;;;;;;;;;;;;;;;
;;;;;;;;;;;;;;;;;;;;;;;;;;;;;;;;;
;;;;;;;;;;;;;;;;;;;;;;;;;;;;;;;;;
;;;;;;;;;;;;;;;;;;;;;;;;;;;;;;;;;
;;;;;;;;;;;;;;;;;;;;;;;;;;;;;;;;;
;;;;;;;;;;;;;;;;;;;;;;;;;;;;;;;;;
;;;;;;;;;;;;;;;;;;;;;;;;;;;;;;;;;
;;;;;;;;;;;;;;;;;;;;;;;;;;;;;;;;;
;;;;;;;;;;;;;;;;;;;;;;;;;;;;;;;;;
